sem1,sem2,sem3,sem4,sem5,attendance,arrears_count,study_hours,sleep_hours,social_media,stress_level,internet_access,residence,travel_time,part_time_job,final_percentage
15,88,17,17,49,85,2,7.81736331721244,5.7919187360237965,1,2,1,1,90,0,36.2
57,99,84,92,72,62,3,6.59635278244447,5.519129305644132,2,2,0,0,115,1,84.8
42,16,15,67,27,50,1,6.840193485207245,8.652090735066224,2,0,0,1,113,1,34.4
54,44,48,40,52,88,3,3.900573894917574,4.980105367554607,2,2,0,0,41,0,42.6
88,92,94,68,33,74,0,2.317680625790644,5.150334420592301,1,1,1,0,68,1,73.0
32,33,40,75,49,60,4,5.839498189512275,8.771046782096423,1,2,1,1,48,1,43.8
91,44,39,80,86,83,2,2.4489748940360876,6.109397339408803,1,0,0,1,80,1,64.0
57,43,76,52,35,80,1,4.79280208038482,8.776707410876668,0,1,1,1,37,0,50.6
18,20,77,19,97,71,0,4.7345955464861245,8.117945738503913,2,0,1,1,98,0,48.2
82,73,32,65,86,62,3,7.882052332044616,7.236203418257027,1,1,0,1,36,0,62.599999999999994
74,15,70,19,20,91,1,7.648029894763292,5.759391304840229,1,1,1,1,34,1,41.6
36,34,83,26,83,87,2,3.440026781240146,6.981767126783353,1,0,1,0,6,1,49.4
52,47,60,25,22,51,4,3.5360477599739286,7.206963202656662,0,2,0,0,33,1,41.2
29,73,50,28,25,53,0,7.512839319541062,4.229449578469775,1,0,1,1,118,0,36.0
66,91,49,89,53,85,2,6.627196745341096,5.933188690913958,2,0,1,0,80,1,64.6
97,57,45,27,41,86,1,6.678990707330339,7.865894704229023,0,2,1,1,76,0,49.4
36,84,78,92,51,79,0,7.654346230259582,7.8571439229460065,1,2,1,1,39,0,72.2
19,75,34,46,87,57,0,2.83549043369731,5.977765093907609,0,2,0,1,13,1,55.2
14,25,69,89,85,95,2,7.058413122440262,7.366264444948797,0,1,0,1,34,1,56.4
53,67,74,96,64,65,4,1.0118876803238344,8.170511881472775,1,2,1,0,100,0,71.8
90,90,14,74,38,85,2,2.092800156083714,7.835846560279008,2,2,0,0,109,1,58.2
62,32,99,26,89,65,1,5.4359481258088795,8.375300649319897,1,2,0,0,19,1,56.6
27,56,81,81,85,50,4,1.2395931398216624,8.556893900809616,2,2,1,1,37,1,63.0
79,80,51,98,95,85,1,2.9143213080188954,4.671285577099612,0,0,1,0,78,0,75.6
64,33,83,70,64,53,1,1.6556282406032776,8.64133177864342,1,1,1,0,58,1,59.8
91,41,61,25,94,61,3,3.441832030410926,7.061145651346937,0,0,0,1,18,0,57.4
88,23,41,97,16,89,4,5.36521671963741,5.106818857046132,2,1,1,1,9,0,50.0
98,41,55,51,64,52,4,6.91852527289516,7.74728525759285,2,1,0,1,113,1,62.8
65,83,51,55,11,67,4,6.940801862836631,6.270514597491331,2,2,0,0,18,1,50.0
74,38,65,64,12,90,2,5.453727867231475,8.270941107423258,1,0,0,0,101,1,51.6
36,34,83,57,73,68,3,3.318438504670534,4.897418722836055,1,1,0,0,96,1,56.6
16,25,22,27,88,81,2,3.17229871610992,7.764364456406995,1,1,0,0,12,0,30.6
45,37,44,80,64,54,4,3.7899987424208232,4.24387925241764,0,2,0,0,98,1,54.0
41,11,28,50,20,72,1,4.872022217114222,8.922329204649916,2,2,0,1,107,1,31.0
77,16,94,24,19,52,4,7.364824864019646,4.2987626597710396,1,1,1,0,67,0,46.0
40,37,95,38,45,52,2,5.123720739381683,6.422545636841107,0,0,1,0,11,0,46.0
81,66,13,62,28,90,4,2.0921735109188506,6.303078621045697,1,2,0,1,37,0,53.0
13,30,42,28,63,90,4,6.439326566862403,5.54770600355736,2,0,1,1,64,1,31.200000000000003
39,83,39,66,50,86,4,6.690523017321477,5.674397323897502,2,2,0,1,65,0,56.4
75,84,11,90,95,69,1,5.367809351160501,5.433966559456236,0,1,0,0,36,1,69.0
72,49,77,51,95,54,1,2.3721661211682816,6.9719064809503415,1,0,0,1,79,0,64.8
63,48,79,34,28,65,4,7.3650465528534905,8.454733698908207,0,1,0,0,30,0,49.4
45,80,38,37,19,85,0,1.4278378353653487,8.135804111444031,1,2,0,0,34,0,44.8
46,81,19,31,60,59,0,7.746369625557456,8.901734549552298,0,0,1,0,78,1,43.4
54,66,88,92,12,68,1,6.225375299193855,4.543947876576716,2,0,1,1,51,1,65.4
47,50,68,60,73,50,3,6.124432319213977,5.344746091667341,1,2,0,0,80,0,59.6
88,88,18,48,76,90,0,4.8841683251521895,5.960622825067803,1,0,0,1,28,0,58.6
12,76,71,81,43,81,0,6.0015336487058395,7.351407879223842,1,0,0,1,18,1,52.6
67,52,92,81,97,70,1,3.486003924557712,7.1088050269128535,2,0,0,0,107,0,81.8
27,71,37,47,35,78,4,7.295276747472899,8.02735090446279,2,0,0,1,29,0,42.4
65,98,46,89,29,58,1,4.1356585508821055,4.586669464337599,0,1,0,1,5,0,63.400000000000006
48,39,52,71,77,65,2,5.492278344588218,5.8840948164353275,0,2,1,1,79,0,59.4
77,44,43,53,43,60,1,2.6793650976676635,8.401242386496513,1,1,1,1,65,1,51.0
30,19,60,77,63,80,1,6.738933064386012,7.960939253900366,1,2,1,0,29,0,53.8
42,57,84,99,21,58,1,2.623770808763486,6.080759264161378,0,0,0,1,42,0,55.6
71,67,57,70,49,62,1,1.132107155125567,6.537989511167209,2,2,1,1,118,1,59.8
11,22,52,16,36,92,1,5.019148553897554,7.731639863809159,1,0,1,0,67,0,24.4
92,18,53,76,31,80,0,4.473521517172752,4.6754829044752135,2,2,1,1,44,1,57.0
14,46,48,83,26,56,4,7.127168081339275,7.515919503547792,0,2,0,0,63,1,39.4
47,92,78,94,64,64,0,7.356166394891879,5.41159568733981,0,1,1,0,98,1,77.0
60,36,79,14,13,94,1,1.6525941521206793,8.721399346240586,1,1,0,1,61,0,39.4
25,57,87,53,80,50,1,1.8236443776282303,6.996624258999099,2,2,1,1,33,1,57.4
68,82,28,48,56,96,0,1.112783528334598,4.318169092685735,2,1,1,1,117,1,57.4
62,99,89,22,85,64,1,6.781030611383867,8.920937916824325,1,0,0,0,7,0,71.4
47,65,80,22,66,52,2,5.697194762518136,4.8342718945207475,2,2,1,0,40,1,52.0
73,83,68,99,88,57,4,2.4082508373506455,4.737726370623624,1,0,0,0,79,1,86.2
10,26,20,45,82,68,4,4.5803360116924985,5.891392958718309,0,2,0,1,33,1,37.6
93,49,29,10,10,55,1,2.600333427168331,4.745388586336059,1,0,0,1,117,1,39.2
90,22,23,25,83,79,4,7.547152640972193,4.900976292951018,2,2,1,1,83,1,52.6
26,43,72,53,31,79,1,6.868423332113431,6.375813200834009,0,2,1,0,46,1,47.0
79,80,93,15,91,64,2,4.958011745427637,8.896586204450053,1,1,0,1,30,0,67.6
27,31,81,41,52,90,0,3.7769354696885227,5.017987560425191,1,2,0,0,39,0,47.4
81,54,90,84,88,80,2,1.812518167714022,5.277758706913774,1,2,0,0,59,0,75.4
91,35,91,28,95,61,1,7.066303542438816,7.173333048755073,1,1,0,0,92,1,66.0
98,49,92,98,87,97,3,4.3245497528421755,6.153210215629482,0,2,0,1,16,0,85.8
88,46,77,89,40,56,3,2.3827692223615293,4.571822048691325,0,0,1,1,38,0,72.0
62,12,28,20,98,61,1,4.806916771013416,8.406552593058336,2,2,0,1,109,1,46.0
70,63,88,96,94,56,1,2.6349687920205067,6.941238861935233,1,1,0,0,41,1,84.2
90,59,41,16,55,95,3,1.1036224476880023,4.737763124651012,0,2,1,1,21,0,56.2
14,89,76,12,13,62,2,5.3913370352945496,5.705100725020233,1,1,0,1,90,1,41.8
80,16,87,27,32,66,2,3.0065144470911513,5.0522980887440445,1,2,1,0,34,1,44.4
79,17,55,67,58,54,1,4.27150620904505,5.270877260932948,1,2,1,1,30,0,54.2
16,22,96,31,76,80,0,2.857780671059464,8.370340131147811,2,2,0,1,67,1,45.2
28,35,72,68,69,61,4,2.0077532662058544,4.414959641596275,2,2,0,1,54,1,49.4
98,47,13,98,30,70,3,5.431763993312708,6.432414293266582,2,2,0,1,53,1,57.2
55,54,86,55,30,56,2,2.8609608628003995,4.584299587647012,1,1,1,1,30,1,54.0
86,91,60,26,75,67,0,7.264156997883863,4.184735570294108,0,0,0,0,39,1,71.6
99,24,73,69,72,86,3,2.6630112190783484,7.545976714780947,0,2,1,0,100,1,64.4
59,57,60,18,28,70,3,2.016812942787067,4.508547811475875,2,1,0,1,95,0,46.4
30,27,14,87,92,81,1,4.271697898960948,6.828296196548335,1,1,0,1,26,0,45.0
16,75,17,99,82,80,4,6.822133396631147,6.868663850894328,1,0,0,0,69,1,58.8
77,81,96,26,81,76,0,6.967769668616487,8.757913200762955,0,0,1,1,37,1,76.2
40,82,18,87,24,87,4,2.3969792295650967,4.075886755199257,2,2,1,1,66,0,51.2
68,74,23,64,65,69,1,4.131994808270035,7.191140837692242,0,1,0,0,11,0,53.8
43,88,52,92,87,85,3,7.045632202435035,5.613373527170253,2,2,0,1,108,0,75.4
96,14,89,93,18,99,3,6.400385502391286,7.500078323718473,1,1,0,1,94,0,66.0
61,51,33,52,62,80,3,7.552195603081152,5.478917691288486,0,0,0,0,30,0,54.8
76,88,67,87,88,95,4,1.234229922941901,7.662149336204937,0,0,0,0,78,0,76.2
98,29,40,56,68,76,0,6.471592148510426,7.888063388526493,0,2,1,0,68,1,61.2
18,10,97,91,46,98,3,4.528131624907516,7.651729939939546,1,0,0,1,57,0,53.4
99,70,96,80,46,51,0,1.6029919643204726,4.467489042644523,1,0,0,0,109,1,82.2
72,28,89,84,62,98,2,3.8175804443326005,8.801895439098393,0,0,0,0,55,0,71.0
90,46,98,79,21,79,3,6.33783764239356,6.030270674281551,2,0,1,1,101,1,63.8
43,59,93,86,97,59,1,2.41576773138629,6.469469270645649,1,1,1,1,116,0,78.6
50,88,47,63,24,96,4,7.425287502647355,6.128596048653974,0,2,0,0,105,1,56.4
64,78,95,26,79,82,3,1.2665272468500501,7.730748194241118,0,0,0,1,93,0,65.4
91,39,71,89,31,62,2,7.19263002519838,6.662325678118686,1,2,1,1,28,0,64.2
20,99,48,83,57,51,0,4.504615720972323,6.985914796846405,2,2,0,0,14,1,58.4
63,69,18,13,56,63,2,2.8153260707748395,5.02071584246465,1,0,1,1,85,0,42.8
30,61,74,71,41,56,1,6.78414756917618,5.985666727202187,0,2,0,0,21,0,50.4
82,25,54,35,93,69,4,4.859343495423598,5.108627282611824,2,0,0,1,108,1,53.8
46,15,77,34,21,50,4,5.580176922498718,7.007095047432295,0,1,1,1,56,0,35.6
32,44,50,66,60,76,3,4.081098965193957,8.733639109805171,0,1,0,1,90,0,51.4
58,32,46,49,54,80,1,1.9667431563883129,7.9096701118015975,2,1,1,0,47,1,51.8
88,36,21,54,83,62,1,4.151763499613338,5.9595028936016,2,2,0,0,6,0,53.4
30,28,17,70,43,66,4,7.0789875521616334,6.070797325986781,1,0,0,1,5,1,32.6
72,94,97,73,76,58,2,4.23896813951362,4.171282824405976,1,1,1,1,96,0,86.4
70,74,90,93,76,59,1,3.3934354226110015,4.7536031635979015,1,1,0,1,40,0,75.6
70,83,50,40,42,71,2,7.576225930480168,6.962728468032757,0,0,1,1,33,0,57.0
38,20,36,22,23,59,1,3.708192947032791,5.280053493098802,2,0,0,0,108,0,27.8
44,53,82,19,83,82,2,2.656538297364258,6.632344185840042,2,1,1,0,100,0,59.2
81,63,34,54,86,92,1,2.4502833195227565,6.309267144122872,2,1,1,0,57,1,65.6
43,76,38,55,55,79,2,2.4068403586157583,4.080623998556832,1,2,0,1,14,1,49.4
85,88,60,15,13,92,3,7.009247853784942,6.705083987997954,1,2,1,1,26,0,51.2
43,90,36,57,84,67,2,3.9462545108421754,8.671971727535855,2,0,1,0,118,1,61.0
95,83,50,87,86,89,2,5.712767661279564,4.141846924016461,0,1,0,1,70,1,83.2
85,35,37,45,18,83,1,2.863771016436371,5.546802609484014,1,2,1,0,73,1,46.0
27,98,67,43,42,91,2,3.511561327180894,8.75181234438943,0,2,0,0,114,0,58.4
34,44,58,45,28,63,0,2.5095196168278053,4.539532744251417,1,1,0,1,106,0,41.8
54,56,74,88,76,62,2,6.09368070094234,6.010728432784447,0,2,0,0,33,1,69.6
67,57,49,18,46,59,1,2.4129783534292,7.952217410823522,0,2,0,0,25,0,44.4
49,63,81,30,16,92,0,6.7785838014085,5.559875295802299,0,2,0,1,71,0,44.8
94,43,99,94,98,53,3,6.060761260007722,6.777195630427256,2,1,1,1,89,1,81.6
97,88,81,58,31,95,4,3.2771306446626753,8.852688961091076,1,0,1,0,35,1,72.0
64,66,52,85,76,92,3,7.674841599428777,8.361819588181564,0,1,1,0,90,1,69.6
62,32,87,69,82,64,4,2.032198227267017,6.6812974504041645,1,1,1,0,27,1,68.4
78,68,33,95,17,65,2,6.600690134238948,6.592303013901308,2,0,0,1,25,0,54.2
64,45,36,69,78,69,0,2.9956057309859263,8.750858972411239,0,1,0,1,85,1,59.4
47,33,49,70,68,79,1,4.233224745259123,5.018596417221961,2,2,1,1,86,1,53.4
25,80,82,36,58,50,0,7.846926240764749,6.6165238076446435,1,2,1,0,72,0,52.2
26,44,73,28,18,58,3,1.9706540278749836,6.623267496281931,0,0,1,1,63,1,34.8
29,14,96,97,36,94,3,7.430223458920996,6.243482993939453,1,0,0,1,78,1,52.4
29,40,81,96,70,63,1,6.7154990864507695,6.420841697896813,1,0,1,0,42,0,61.2
66,94,15,66,85,52,2,2.39370111214437,6.2381553140761365,1,0,1,1,81,1,67.2
49,83,37,10,22,62,3,5.648148137441857,6.609987822511988,1,0,1,0,94,0,36.2
81,23,53,99,48,72,4,5.839931534957941,5.1369353509371045,1,0,0,0,25,0,63.8
94,11,15,96,80,97,2,1.1698003077692312,8.378914121843994,2,1,1,0,43,1,56.2
90,59,45,81,12,97,3,2.9116135224548354,4.8080106889710645,1,0,1,0,77,1,55.4
36,91,69,83,61,60,1,7.399149262354135,6.89061448732329,0,2,0,0,32,0,69.0
66,40,94,90,97,58,4,6.96633626730932,4.636053616254479,0,0,1,0,101,0,77.4
91,60,42,84,95,90,4,3.4539797233581675,8.919736808614187,0,0,1,1,97,0,78.4
85,77,85,42,73,88,0,3.732414659112747,6.381244447263163,0,1,0,1,67,0,68.4
33,25,15,69,97,77,2,5.934535596193695,8.790671032617276,0,2,0,1,6,0,48.8
49,29,34,77,34,69,4,7.579303404146102,4.174096562590134,2,2,1,1,14,0,44.6
18,89,93,38,39,70,3,5.877613584837201,5.288691791489693,1,0,1,0,28,1,57.4
79,12,25,53,75,89,1,3.284193221285826,7.7911024339195745,1,2,0,0,21,1,52.8
50,96,93,42,79,50,2,1.9542886923278675,4.760645106986182,0,2,0,1,90,0,75.0
56,20,75,13,35,99,1,1.1902965173601445,5.731877060363031,1,1,0,1,110,0,41.8
59,85,89,17,72,76,0,1.0447669597989009,6.6722042240926145,0,0,1,0,15,0,59.400000000000006
29,85,22,32,10,83,0,5.383453382800189,8.29573393251679,0,2,0,0,12,0,32.6
47,93,59,53,65,97,1,4.442445086612329,5.0392098183536405,1,1,0,1,11,1,63.4
30,95,38,44,86,71,1,6.927426156569442,4.879767908750319,0,0,0,0,33,0,55.6
94,65,43,30,96,67,3,1.1620835978811557,4.324378214679431,1,0,0,0,74,0,61.599999999999994
11,18,57,53,48,83,0,7.449797315566556,6.8934507932140425,2,1,0,0,108,0,37.4
13,38,95,85,82,83,0,4.311275319647889,7.292576335361824,0,0,1,1,8,1,59.6
52,10,32,98,28,87,4,2.1863463865272745,4.667819495906302,0,1,0,0,37,0,47.0
81,44,72,74,11,90,4,2.650832437433751,4.434922585543033,1,2,0,0,72,0,57.4
77,19,90,83,94,57,1,7.3324078924512355,4.2591828314257425,1,1,0,1,57,1,74.6
51,84,24,80,71,92,2,4.301758025263782,8.50441266246135,0,1,0,0,73,0,57.0
83,96,13,45,39,59,3,3.5589707803436403,6.0649855469581135,0,0,0,1,58,0,59.2
68,38,44,52,77,80,0,2.493521074365407,7.9785527989489875,1,0,0,0,75,0,54.8
99,81,23,65,53,85,4,3.2307317083733813,7.5206156270171185,1,0,0,1,10,1,68.2
30,59,66,26,97,88,1,4.628472780306094,8.80988822382838,1,2,1,1,49,1,50.6
15,52,21,31,38,82,4,1.199238623434098,4.7416272950899225,0,1,0,0,99,0,32.4
87,67,18,93,21,72,2,2.9046401955667536,5.212149933504891,1,1,0,1,108,0,54.2
51,10,49,99,43,88,1,4.477889422917351,8.138852769471217,0,0,0,0,60,1,50.4
22,87,87,88,13,81,1,1.6759007377445103,4.566178193500221,2,2,0,1,80,0,62.4
77,52,20,83,82,63,4,2.3740749221933632,5.487167806287724,2,0,1,0,116,0,62.8
39,91,95,91,54,62,3,7.958931937367311,5.256268004393894,1,1,1,1,34,1,73.0
72,39,62,81,95,68,3,6.627275382624492,6.924911762949485,2,1,1,1,102,0,66.8
31,71,64,83,72,53,0,5.011870344732657,8.128299106054463,0,1,1,0,77,0,62.2
25,80,45,70,85,57,3,6.881867672260704,5.307921384875854,0,2,0,1,118,0,60.0
63,14,17,38,85,94,0,6.642332886953893,5.963539890758668,2,2,0,1,108,1,43.4
39,46,64,60,72,51,0,7.093791728615873,5.887936637690422,1,0,0,1,75,1,57.2
93,80,22,45,29,83,4,7.428739543642384,8.80584367987881,0,0,0,1,12,1,56.8
80,74,77,52,97,51,0,1.3931683944893454,7.371901337960432,1,0,0,0,26,1,71.0
62,62,25,18,23,85,0,6.566448781048891,4.682767703381278,0,1,0,0,38,0,37.0
88,23,83,34,98,56,0,1.3304412546300246,6.979382993323544,0,2,1,0,119,1,64.2
97,88,89,89,53,61,0,5.565517246112046,4.782844034699462,1,1,0,1,18,1,87.2
88,35,91,65,99,87,4,3.949212100399202,5.8921751214686555,2,0,0,1,16,1,75.6
15,13,47,74,98,93,2,4.4567436522231745,4.541839410178767,0,0,1,1,88,0,53.4
46,55,51,55,84,60,1,4.017411744394153,6.354632783965696,2,2,1,1,110,0,53.2
23,31,43,42,14,95,1,6.872837755933901,6.363499715623462,1,2,1,1,27,0,32.6
34,22,44,17,18,89,2,6.147415196091419,5.623146124333947,0,1,0,0,64,0,30.0
15,79,72,56,31,89,2,2.413824919121301,8.327164227972524,2,2,1,0,69,0,46.6
95,22,84,22,60,76,4,1.3635262842374298,5.499630500860219,2,2,0,0,80,0,52.6
63,13,86,97,35,80,2,2.354832160963377,7.947398963098973,0,0,0,1,111,1,55.8
51,82,55,90,49,84,3,1.856710716523393,6.301321476371732,0,2,1,1,26,0,60.400000000000006
23,55,64,70,64,68,3,3.5071761613573296,4.257995609957613,0,1,0,1,96,1,54.2
60,19,57,11,62,51,0,7.755541442392433,5.372538137811386,0,1,1,1,35,0,44.8
46,12,92,17,84,50,4,7.3408142138451895,7.09569463711019,1,1,0,0,43,1,47.2
61,90,68,68,77,59,3,1.3633883338629058,7.93114346152308,2,1,1,0,112,1,76.8
55,53,20,12,24,96,2,1.0915173588553817,7.075091995291814,1,0,0,1,119,0,30.799999999999997
11,89,91,45,20,67,3,3.641193095715882,4.133285071824974,2,0,1,1,7,1,54.2
73,37,73,37,57,68,4,4.422731837691053,6.827665591129756,2,2,1,1,79,1,59.4
32,53,64,84,70,79,4,7.6735563970795635,5.392420171734148,0,2,0,0,5,1,58.6
81,93,76,78,21,54,4,7.485402162727375,8.258638938587259,2,0,0,0,48,1,67.8
76,46,93,93,70,73,4,2.5987571222419814,6.280897940530767,1,1,0,1,40,1,73.6
27,74,38,95,64,95,4,5.766102690419041,8.219433018888846,0,1,1,1,92,1,56.6
74,61,56,79,90,98,1,2.8840953827477818,4.443412171361785,1,0,1,1,107,1,71.0
51,30,29,37,73,87,3,4.20492047397642,5.648551455632267,1,2,1,0,59,0,46.0
57,83,47,42,91,57,3,4.883744374871416,5.839944492047597,0,1,0,0,58,1,60.0
40,97,85,74,48,80,4,1.8553307789897793,5.471800859983139,0,2,1,1,41,1,67.8
31,15,28,42,80,52,1,5.554144682875757,7.759319315322378,2,2,1,0,26,0,42.2
25,48,44,20,93,95,3,5.294539005055567,8.363154805571803,2,2,0,1,79,0,43.0
17,32,45,68,81,59,0,5.3325055264013335,5.708083386993845,1,0,0,1,103,0,43.6
52,42,93,63,18,82,1,3.393662031165373,6.018006689998254,0,0,0,1,24,0,54.6
72,70,42,74,67,70,0,6.947153692414419,8.250252363066949,0,0,0,1,32,0,65.0
69,27,36,61,83,84,4,6.3549475410408265,8.275300443365257,1,2,1,0,53,0,54.2
97,83,12,18,27,60,1,3.0121142733279958,5.313907374208202,0,0,1,0,47,0,48.4
33,97,21,32,74,96,3,4.716843725101397,7.774679581657654,1,0,0,1,82,0,47.4
89,46,64,87,44,52,4,7.251102661994425,5.61689295290258,0,1,1,0,7,0,65.0
74,24,12,14,86,83,4,6.581540184579555,8.754919691310178,0,0,0,0,24,1,46.0
71,31,32,93,69,60,1,5.642896418452028,4.0272831751177645,0,0,0,0,73,1,61.2
98,83,19,32,59,67,2,1.5078091096764794,7.973507324504426,0,1,0,0,47,1,54.2
24,46,12,86,13,88,1,7.346218680461276,7.400052160348263,2,1,1,1,46,1,36.2
86,23,30,83,40,77,4,1.418945933099614,6.423206523529654,1,0,0,1,65,1,54.4
25,79,54,95,20,94,0,1.7167378260329802,7.131727693091486,1,0,0,1,92,0,53.6
34,39,92,41,12,75,3,1.5509051083384402,5.773191003228403,2,0,0,1,66,0,47.6
98,92,98,81,94,50,1,7.673168058548892,4.364307660079643,1,0,0,1,40,1,89.6
40,87,11,91,35,67,2,4.25011234441935,7.653720093444116,2,2,0,0,75,1,50.8
75,95,55,94,89,80,0,5.585682962683461,7.17372729064761,1,2,1,0,28,1,82.6
99,67,60,20,55,66,4,5.715213699750231,6.726106944057109,2,0,0,0,54,1,61.2
91,94,51,94,44,58,2,7.922026942776261,4.781635403422633,0,0,1,1,37,0,70.8
61,79,50,45,22,66,1,6.703784482209361,5.630883131755451,1,2,1,1,102,0,46.4
19,73,28,19,36,55,2,3.6179866857794414,6.74392627992146,2,2,0,0,51,0,39.0
63,99,92,54,16,85,1,3.7473949846871286,4.81773949030742,0,0,1,1,71,1,66.8
51,20,63,33,89,56,2,6.3347709966096195,7.969935340773203,0,0,0,0,82,1,48.2
42,18,91,13,65,53,3,5.2671581636294,5.167899230262612,0,0,0,0,112,1,49.8
87,88,19,56,12,83,2,3.201611251206991,6.48778782915187,2,1,1,0,110,0,49.4
89,95,11,48,75,54,0,4.0748440412377755,4.657818328159497,1,1,0,1,21,1,60.6
29,78,51,23,10,66,4,1.7538341624783211,5.188737659142,1,2,1,0,23,1,42.2
60,81,58,16,73,89,3,2.0949281682212884,8.399297561771082,0,2,1,0,66,1,52.6
56,37,11,46,25,52,0,3.1034888394806486,5.835480551235644,2,1,0,0,83,0,35.0
83,29,50,81,52,64,2,5.374938574846422,5.55382540463223,1,0,1,0,110,0,63.0
88,79,79,29,66,99,1,6.944605827551129,4.615725415055353,0,2,0,1,30,1,66.2
71,93,94,97,95,66,0,2.6337315417961182,4.2221355788516215,2,1,1,0,103,1,85.0
69,34,59,65,31,77,4,6.915401814234052,7.013256284732996,2,0,0,1,91,1,49.6
31,15,52,25,20,83,0,1.8718044193577832,4.0146320855688895,1,2,1,1,89,1,26.6
42,58,70,94,42,97,3,5.375466360341182,7.482175569080783,0,1,1,0,103,1,56.2
76,32,35,93,34,65,1,4.528394518274629,8.835406320659915,0,2,1,0,56,1,49.0
84,26,66,21,68,67,1,3.986260381103115,6.242012672088331,2,2,0,1,16,0,50.0
53,32,15,93,92,70,4,3.8218378895203906,6.685590881691251,0,2,0,0,9,0,60.0
56,97,96,18,14,55,3,6.372376290864655,4.861661813766659,0,2,1,0,103,0,58.2
56,48,32,69,60,93,3,6.759720688250394,4.339805368861407,1,1,0,0,16,0,50.0
69,90,35,24,83,97,3,2.9889156704548436,4.281476013987769,0,1,0,1,50,1,55.2
61,14,16,76,68,67,1,6.685665186695039,6.2629096162256666,2,0,1,1,29,1,45.0
74,19,21,62,56,74,2,2.3432162827101815,6.046453869578808,2,0,1,0,106,0,50.4
62,14,28,93,26,68,4,6.602885767272918,7.226032161237682,2,1,0,0,13,1,46.6
97,82,98,15,96,99,0,7.9803843443840226,5.175544657429805,1,0,1,1,55,0,73.6
96,91,45,53,46,85,2,6.399880389969425,6.0927623659418035,2,1,1,1,104,0,66.2
73,26,80,70,24,98,4,7.621526162988725,5.57519806046574,0,0,1,0,62,0,51.6
77,85,81,24,52,96,1,1.8272584829460718,8.527454584032581,2,0,1,1,70,1,64.8
13,55,48,51,21,96,1,1.1422185930122803,8.777564638408048,1,0,1,1,80,1,38.6
30,81,68,95,89,67,3,7.230749388737475,7.241968088904363,2,1,0,1,59,0,71.6
57,38,14,46,64,89,0,2.5813588737090774,4.867057440759053,2,0,0,0,117,1,46.8
22,88,78,82,29,88,0,6.977410799727922,8.817786457105035,0,2,0,0,54,1,55.8
99,10,40,21,47,50,0,6.390800481384716,4.989167899021558,2,0,0,1,100,0,46.4
17,55,31,76,73,64,4,3.126883403240259,8.305438259312908,2,0,0,1,61,0,54.4
46,24,94,39,75,74,3,1.5523099535678713,5.391778828779742,0,2,0,0,80,0,54.6
31,58,43,50,88,75,4,7.753586586102302,6.428528600741618,1,0,0,1,7,1,53.0
76,20,84,92,83,63,2,3.831553288429361,8.481256413158514,1,2,0,1,8,0,70.0
80,19,15,21,38,68,2,1.8481357250840922,8.44713914970373,0,0,1,1,26,0,30.6
63,22,23,97,42,85,0,6.941425400553543,6.135518904366134,0,1,1,1,110,1,47.4
52,84,16,74,83,69,3,5.845351621653191,6.919246697682711,2,1,1,0,114,0,60.8
31,81,40,33,23,83,4,6.21613488505393,6.44767466439807,1,0,1,0,95,1,38.6
53,87,17,66,53,53,1,1.1200456635134382,6.223738650377662,2,2,1,1,55,1,53.2
89,17,44,80,11,91,4,6.464921852830624,8.790687681335491,1,2,0,1,113,0,49.2
77,54,39,71,25,70,3,5.384276781538791,8.954156239605823,0,2,0,0,38,0,53.2
69,79,37,63,53,56,0,2.6024938303102254,6.278215660810475,1,2,0,1,14,0,58.2
90,85,17,66,49,60,2,6.428228040269531,5.398304152481881,0,0,0,1,56,1,58.4
95,78,17,90,62,70,0,5.007431545214903,8.619264576545689,2,0,0,0,81,1,71.4
62,68,64,27,88,71,1,5.898310942834849,6.9591361849679,2,0,1,1,114,1,65.8
72,73,44,93,50,60,4,5.331252684686659,5.672723256107673,2,2,0,0,26,0,66.4
69,89,30,89,61,88,1,6.859912424686161,7.451294945342624,2,1,0,0,47,0,69.6
10,60,79,30,84,60,3,2.046142466173488,7.937405443716688,2,2,0,1,42,1,50.6
14,33,90,65,59,57,3,4.798174394979874,6.6803250667773835,1,0,1,0,80,0,50.2
61,95,60,59,20,85,1,4.099244252765661,5.9273473569152255,1,0,1,1,41,1,56.0
59,21,62,23,87,50,3,7.143859143756842,4.01520715252323,2,1,0,0,55,0,45.4
52,97,25,67,21,91,2,5.327899156274486,7.7985666446344215,2,0,0,1,38,0,50.4
24,16,81,57,60,91,0,6.145754716339614,7.8295638625967765,2,1,0,1,15,0,50.6
32,33,66,17,29,59,1,7.924309822655756,6.412372343308481,0,0,0,0,7,0,33.4
45,25,13,20,32,78,3,6.992303373191262,6.77316069595749,2,1,0,1,29,1,26.0
79,37,26,29,55,79,4,7.570784959374571,4.56103940189513,2,1,0,1,47,0,45.2
95,88,32,34,40,95,0,6.434622862907714,7.831283880419779,1,0,1,0,62,1,58.8
57,67,85,84,32,83,4,1.3845542135088598,6.267184523345129,2,0,0,1,74,0,69.0
26,33,96,38,70,62,4,1.737307071438452,6.036612911665018,0,0,1,0,10,0,47.6
94,99,60,48,60,53,1,5.8171362686189205,4.9367786719953415,2,1,0,1,62,1,72.2
94,81,43,39,70,60,4,5.76283724395545,4.243359269800221,2,0,1,1,25,0,63.400000000000006
74,91,72,83,76,66,1,6.4798849633946585,6.5593227083727665,1,1,0,0,25,0,81.2
25,79,52,32,20,95,0,5.30876166513078,5.212175239799212,2,0,1,1,59,0,37.6
47,50,28,82,25,82,4,5.01271893832775,6.1226856511954155,2,2,1,0,79,1,42.4
32,98,39,91,87,78,3,7.245073880371211,4.293330018768543,2,0,1,0,34,0,70.4
72,25,14,94,81,85,3,7.304549767757004,8.103059564210767,2,2,0,1,31,0,59.2
69,71,89,47,49,81,0,4.027250437003747,4.23313248369312,1,0,0,1,8,1,65.0
35,66,71,91,84,62,0,1.1367892385559373,7.195891446665399,0,1,1,0,52,0,69.4
36,54,20,52,27,67,1,3.196703598549818,6.1651790858993705,0,0,0,0,108,1,36.8
24,41,36,68,97,60,1,3.053773796408972,6.720162782956075,1,2,1,1,15,1,53.2
49,81,50,12,88,81,4,3.27309530397294,6.572320465758581,2,0,0,0,5,0,55.0
26,18,82,62,98,56,1,5.31454848485411,4.166504967190614,1,1,1,1,11,0,56.2
37,59,73,88,38,87,1,6.814430916454545,7.091633369848057,2,1,1,1,47,0,60.0
79,92,21,71,84,63,3,6.184116757217711,7.91520511584158,0,2,0,0,43,0,70.4
24,64,36,28,96,64,0,1.5598829470353208,5.0043811088409225,1,1,0,0,6,1,51.6
69,20,36,72,46,71,1,5.618109547895193,6.40776200981562,1,2,0,1,96,0,52.6
57,22,91,83,75,81,4,7.028934098959069,8.97856029811604,1,2,1,1,92,1,68.6
62,67,20,62,53,86,4,3.783810204475621,5.991250410864246,0,0,0,1,101,0,52.8
80,55,11,84,60,83,3,1.2269594773659156,4.138250875855254,2,2,1,1,50,0,59.0
88,92,65,43,27,64,4,3.805993578400068,8.597634308045958,2,1,0,1,63,1,59.0
91,22,77,29,47,70,3,1.7409040906918831,4.295474556007051,2,2,0,0,92,1,50.2
41,74,54,43,84,73,1,2.7744946777910706,6.831329342979526,0,0,0,0,24,1,54.2
72,25,30,49,15,57,4,3.968844341678322,7.307254152428737,0,0,1,0,51,1,41.2
95,62,80,11,79,77,3,7.942614245743469,6.289346628739938,0,2,1,0,63,1,67.4
77,27,10,62,62,76,0,4.501287900439889,8.240602043481392,1,2,1,0,17,0,51.6
62,56,86,63,35,84,4,7.537731868146126,8.27833109712292,2,0,1,0,38,1,61.4
85,22,76,45,41,76,1,3.37766756355741,7.543994091061394,1,1,0,1,31,0,54.8
63,53,77,16,28,87,4,6.5637826898943565,6.343450899069582,2,2,0,0,15,0,49.4
92,97,89,69,39,70,2,7.223067336599075,7.906483833380392,2,0,1,0,36,0,75.2
26,53,92,44,26,91,1,1.6045233759597206,5.5360715441434145,1,2,1,0,115,1,45.2
56,14,81,99,58,76,3,3.0699912795996704,8.606232464856193,2,0,1,0,7,0,60.6
32,99,42,47,44,70,2,6.0213867869178355,4.251460616596395,1,2,1,0,74,1,56.8
67,14,33,71,92,55,1,6.9310734402413425,5.94120783035549,0,0,1,1,60,1,57.4
13,40,22,88,18,70,2,6.569111405074936,8.200452702286055,0,2,1,0,9,0,34.2
35,63,50,33,42,65,0,7.763913930649052,7.052746225628592,2,1,1,0,58,1,40.6
66,57,91,30,20,81,4,4.696429426010573,6.485180048949109,1,2,1,1,19,0,48.8
59,75,26,65,30,52,1,7.413177185092896,7.066545078741736,1,2,1,1,9,1,53.0
52,59,80,22,16,78,3,4.490295528702774,5.48088802275939,1,2,1,0,60,1,48.8
80,15,11,48,30,85,3,1.9708948020238233,5.881561844042762,2,0,0,0,76,0,37.8
14,20,35,52,94,66,0,3.7230294586827073,4.150436441300238,0,0,1,0,11,0,42.0
85,40,98,10,55,59,4,1.654166215269664,8.151254625025711,1,0,1,1,22,0,58.6
55,11,46,43,77,62,1,4.816210891329169,7.918635187090924,2,0,0,0,5,1,42.4
93,83,79,61,46,85,4,4.45001799195764,8.44494224719265,1,2,1,0,86,1,74.4
73,22,54,81,74,92,3,4.208073202104464,5.863725909563599,0,0,1,1,116,0,55.8
78,45,48,20,67,58,2,4.570189512392732,4.34062672576311,0,1,0,0,91,1,46.6
82,71,20,11,17,62,3,3.32375106412912,8.42066110993725,0,0,1,0,95,0,36.2
23,52,58,51,98,78,3,2.796397367150233,8.054298351708319,2,2,1,1,91,1,57.4
69,16,82,89,58,87,4,2.79298719460901,4.8895568413507835,2,2,1,1,22,0,61.8
68,28,24,22,13,59,1,7.456673499372613,4.122026369856563,1,0,0,0,29,0,28.0
72,43,79,77,39,70,2,3.347558315690005,4.790141332665952,1,2,1,0,42,0,58.0
98,40,77,73,50,56,2,5.53678864304784,8.94853846217767,1,0,1,0,80,0,66.6
39,74,74,68,25,64,4,4.067383263656778,7.870462597442279,1,1,1,0,40,1,55.0
50,30,84,39,80,78,1,4.074803440415399,7.087033534672822,2,2,0,0,26,0,58.6
24,90,24,80,74,58,3,7.149305547657558,5.16389702919769,2,0,0,1,40,1,53.4
85,21,43,52,46,50,2,2.4281405460160763,5.278600948775993,0,0,1,1,30,1,48.4
19,86,73,72,88,70,3,4.856544416113316,6.979237302204163,2,2,0,1,11,0,68.6
58,64,30,56,95,97,4,1.12796331783007,8.290713106878718,2,1,0,0,80,1,55.6
54,51,23,22,79,64,4,5.379968142626842,6.865591214040101,0,0,1,0,112,0,43.8
87,37,50,16,22,90,4,3.680458220367667,8.249878917680192,1,0,0,1,56,1,39.4
71,37,57,36,30,59,2,5.284180510283488,4.327732263505692,1,0,0,0,5,1,48.2
89,95,58,59,46,55,2,5.939157348694195,8.913627700769545,0,1,1,1,24,1,68.4
47,35,56,59,21,63,1,1.610483577594408,4.0868619861194295,1,0,0,0,108,1,44.6
54,65,35,15,65,70,3,3.297672665353292,7.927828260966127,0,1,1,0,112,1,43.8
47,23,30,61,45,94,2,7.413831703365665,7.641486019646195,1,2,1,0,60,1,44.2
41,16,35,36,96,86,4,6.730467185823572,4.053645166729826,0,0,0,0,78,0,45.8
99,97,67,23,17,78,1,5.119294599165758,4.595174266874984,0,2,0,0,53,0,57.6
72,15,69,98,79,62,4,4.93805045529753,8.389286465449878,1,1,0,0,94,0,69.6
55,68,87,20,24,62,4,3.9824750191188345,8.846426956136328,0,0,0,0,109,0,47.8
78,13,11,49,80,50,0,3.046981200162852,7.382363546110273,0,0,0,0,52,1,49.2
66,39,79,75,42,95,3,5.529532240211083,7.334191725188253,1,0,1,1,32,0,56.2
74,15,71,99,87,77,4,5.6186219324201065,5.405625001656063,2,1,1,1,19,1,68.2
90,33,18,86,21,65,4,7.729428869988311,7.537050712384806,0,0,0,1,63,0,50.6
93,19,44,40,19,83,4,3.9004416999327973,6.0464986647432575,0,0,1,1,55,0,42.0
32,25,89,13,38,98,1,7.88133591910813,4.861481255632649,0,0,1,1,74,0,42.4
21,15,42,38,33,64,4,2.6941174030757358,6.912590875176082,2,0,1,0,46,1,27.8
16,75,28,47,19,61,3,1.9345420877093171,7.357004064105963,1,2,1,0,79,0,38.0
13,33,64,73,32,54,0,1.6346376061536416,8.68375671054268,2,1,1,0,84,0,44.0
75,52,18,63,17,70,4,2.5284151520166156,5.2551189960865194,2,0,0,1,119,1,45.0
89,85,82,54,67,66,3,6.086941156603409,4.445960779687706,2,0,0,1,27,0,77.4
99,86,11,17,77,65,4,7.86049154224181,4.099226855505153,0,0,1,0,102,0,54.0
99,61,60,83,79,96,4,6.500152428547587,4.941511813573762,2,2,0,0,20,0,75.4
62,76,52,44,99,84,0,5.717480658402225,5.065292392049507,2,2,1,0,55,0,69.6
76,76,26,33,13,98,0,7.979106775256726,8.938048233118417,2,2,1,0,34,1,39.8
77,60,77,49,15,51,0,2.112519897928981,8.278402566858032,0,1,1,1,62,0,52.6
85,10,32,52,36,80,4,4.58242617429983,4.43802493952679,1,0,1,0,13,0,41.0
63,18,88,67,80,94,1,2.0540127336635248,7.192864239556377,1,2,0,1,33,0,65.2
69,97,14,68,10,68,1,2.1102716161652726,7.429399976323232,0,0,0,1,7,1,54.6
24,33,56,12,68,95,1,3.692742731379207,8.504892181578025,2,0,1,0,15,1,42.6
51,57,66,48,12,82,0,1.1157958362819074,7.424157632843862,0,1,1,1,56,1,41.8
13,20,21,19,88,97,0,5.399303863756229,7.833296057328626,1,2,1,0,57,1,32.2
83,92,94,12,13,81,1,1.9881304120065084,4.757357341357987,0,0,1,1,16,1,61.8
94,17,61,75,39,93,3,3.917412325298799,5.373342179172297,2,1,1,0,63,1,60.2
19,36,65,16,90,78,0,4.37527758754615,4.677293292164632,1,1,0,0,99,0,47.2
34,21,40,51,26,65,2,1.0989301919259225,7.824113695212655,0,0,1,0,106,1,29.4
65,93,81,98,36,59,4,4.050853710094784,7.788959846098203,1,1,0,0,104,1,70.6
35,43,21,90,95,96,0,5.932570014253356,6.706213111910639,0,2,0,1,6,0,54.8
79,35,35,25,32,64,0,3.4170500857400925,6.188340011425656,1,0,1,1,12,1,40.2
23,24,13,73,33,69,4,3.4836489384230203,5.43751664981599,2,1,1,0,15,1,28.200000000000003
40,21,77,37,66,52,4,3.6709489252785126,6.04978803627024,0,0,0,0,63,1,44.2
81,51,47,96,87,59,4,6.3128109479845085,6.998834952230265,2,1,0,0,74,1,76.4
62,94,74,38,89,98,4,7.719822640840412,7.568772349752087,0,2,0,0,102,0,70.4
45,66,91,70,14,98,1,3.499791399556763,7.941920364264231,1,1,1,1,55,0,57.2
62,70,99,96,36,95,4,3.609559799706075,5.157699345897676,2,2,0,1,59,1,73.6
35,11,39,44,60,52,3,3.4727828568053587,8.640497896531151,2,1,0,1,44,0,40.8
26,92,77,60,96,98,1,5.720162608177396,4.81864969450372,0,1,0,1,76,0,72.2
18,29,28,41,57,97,0,6.832691137118875,5.2325637867689245,1,0,0,0,39,1,29.6
78,35,29,81,85,88,3,7.28950954934066,6.582671333415027,2,1,1,0,114,0,58.6
93,15,14,60,68,93,3,7.389105183443876,4.888570556269625,0,2,0,0,90,1,52.0
41,17,67,24,88,96,0,1.3730341976088125,5.574883931428076,1,2,1,0,111,0,47.4
92,74,73,91,25,72,4,5.956398533787661,5.224120880487122,0,0,1,1,56,1,73.0
83,32,13,22,61,67,4,4.6799018471679235,5.690118769155935,2,0,1,1,10,0,46.2
87,10,91,56,69,56,1,3.518097861194904,4.681258839356067,0,2,1,1,40,1,62.6
26,16,21,44,36,71,1,3.1060892713037678,4.596643083529625,0,0,1,1,75,1,31.6
27,78,69,13,53,55,0,6.950076314542667,4.006153903065592,1,2,0,0,7,1,47.0
31,40,84,20,64,74,3,3.073803130824313,5.677097184508038,2,1,0,1,87,0,50.8
40,68,13,66,64,73,4,3.3700944972188065,8.194801247718186,0,0,0,1,38,1,50.2
54,72,21,72,51,61,4,3.363872429670913,8.010795163835418,0,1,1,1,25,1,56.0
82,93,73,39,29,60,4,2.460527819410102,6.435665864113776,2,0,0,1,21,1,61.2
93,38,89,36,93,95,2,5.6270854685202005,6.769416718943916,1,2,1,0,98,0,72.8
84,50,52,28,45,85,1,6.1764964945605865,6.954258165709916,1,0,0,1,13,0,52.8
43,49,87,47,58,58,4,1.0615350453827341,7.667510640452315,1,0,1,1,82,0,51.8
72,83,97,81,42,93,1,4.849358721042283,5.605406029817411,0,0,0,0,76,0,78.0
14,72,30,31,89,58,2,3.009607367952052,6.651844161452354,2,1,0,0,18,1,43.2
52,40,59,37,17,69,3,2.961506857882571,8.999829015336447,0,2,0,0,41,0,43.0
93,35,32,30,37,52,1,3.385440187808599,7.967672977995575,1,2,0,0,103,1,43.4
24,15,81,38,27,70,2,7.09560208314297,5.992535343920103,0,1,1,1,34,1,38.0
69,15,82,48,90,76,1,7.921979741701175,8.753287544254881,2,0,0,0,40,1,62.8
40,48,73,76,40,98,4,3.650765246784872,8.823279086607954,0,2,0,1,22,0,52.4
95,51,81,22,34,57,2,4.484008200956815,6.700342486805276,0,0,0,1,80,0,51.6
13,84,55,52,49,82,3,5.652351954189271,5.129016845685486,0,2,1,1,58,1,46.6
87,55,54,28,94,95,0,3.0538692073956657,5.966879540603831,2,2,0,0,93,1,60.6
34,80,64,95,56,53,1,6.905011390191817,4.415914221030401,2,0,0,1,8,1,60.8
47,55,63,52,71,54,3,2.4327722190626675,7.108045551802604,2,0,0,1,107,1,57.6
15,69,62,89,76,74,2,6.725955250673732,8.003602247584803,2,0,0,0,26,1,63.2
18,40,80,43,46,53,0,1.2464314542164772,8.92642389380784,1,1,1,1,88,1,46.4
50,79,21,80,84,89,4,5.608534779523324,7.236314524357484,0,1,0,1,46,0,66.8
76,79,68,25,32,80,3,4.01591614391781,6.794083742371486,0,1,0,0,35,1,56.0
99,95,19,85,14,73,1,7.715288668937491,8.898551468619669,2,0,1,1,87,0,59.4
71,33,54,67,41,63,2,2.7873582838409177,8.308053997641943,0,1,0,1,41,0,48.2
43,84,28,25,72,72,1,2.346657215403132,8.461648555781924,0,2,1,1,80,0,48.4
93,34,20,79,20,52,0,1.0639280647657416,4.690663155296918,0,1,1,1,60,0,45.2
76,50,95,39,94,86,0,7.372206261768849,8.143217694592323,2,1,0,1,74,1,67.8
97,88,28,80,99,68,0,6.842411074152745,8.017967619250832,1,1,0,0,69,1,78.4
16,20,37,45,87,58,4,3.254774420054297,5.322611294872959,1,1,1,1,88,1,41.0
88,53,24,55,75,60,1,6.408313303848413,6.986649651590165,1,0,1,1,15,0,63.0
29,18,33,23,84,58,2,6.04234440639857,5.464173031421887,0,0,1,0,64,1,39.4
67,27,95,44,35,90,4,4.501001065352981,7.999870288454671,0,2,1,1,45,1,56.6
46,85,31,75,15,56,4,1.603619015058546,6.691032658792316,1,1,0,0,64,0,54.4
69,44,44,71,43,74,4,4.115115135412597,5.090179452412257,2,2,0,0,26,0,54.2
44,68,11,97,12,65,4,1.868004263624333,8.22513381843662,0,0,1,0,30,0,45.4
30,18,41,74,34,95,2,3.309913979425481,6.447952937893103,0,1,0,0,9,1,40.4
40,79,22,19,48,99,3,2.6701205461172552,7.548116738010065,0,0,1,1,10,0,39.6
27,35,23,41,87,86,3,1.389035970667366,6.10084592047818,0,2,1,1,28,1,46.6
43,89,60,79,21,85,3,2.3065254267101762,6.817687180862325,2,2,0,1,21,1,60.4
17,36,56,11,35,81,3,3.215621669621979,8.360679430024096,0,0,1,0,118,0,28.0
55,55,45,86,70,63,4,7.497370449601368,5.1767560827090735,0,1,0,0,7,0,64.2
39,85,93,38,41,52,4,3.453563414373922,4.892022020840112,2,0,0,0,28,0,55.2
17,65,72,90,85,68,0,4.306790229334823,8.299128315928815,0,2,0,0,68,1,62.8
40,82,20,55,29,84,1,2.2915866327309287,5.985098545090432,0,0,0,1,76,0,47.2
14,64,27,68,51,61,3,3.290130162610725,6.633532139800932,1,0,0,0,9,1,46.8
93,26,75,59,14,67,3,6.117049880512414,7.804830678083437,2,0,1,0,30,0,55.4
29,81,23,90,93,66,1,6.78570564340201,5.871260434192947,2,0,1,0,113,0,67.2
26,46,74,29,20,94,4,4.221328568981185,8.433942675675778,0,2,0,1,119,0,36.0
90,12,64,23,61,77,1,5.194550410352459,4.332035597299369,0,0,1,1,25,1,50.0
58,39,28,14,88,63,4,1.1484183381271973,7.789721589243158,0,2,1,0,12,1,47.4
85,13,26,11,93,91,1,5.992174040872283,8.546272748340822,1,1,0,1,116,1,45.6
11,27,55,30,80,52,1,3.042545753631222,5.772034907460746,2,1,0,0,76,0,43.6
68,61,72,85,94,98,3,4.414621830312156,5.3442229782006985,0,2,0,1,113,1,74.0
70,31,17,12,60,99,0,4.52591160941865,7.092374887742602,2,2,1,0,66,1,34.0
66,56,52,41,26,63,0,5.8811888515799495,8.15346334173133,0,2,1,0,113,1,50.2
24,20,90,36,98,92,2,1.7317318059522546,5.02356501396136,2,1,0,0,82,0,54.6
31,46,69,97,69,66,4,5.939179220621588,7.632466982446685,0,0,1,0,13,0,65.4
63,59,13,18,11,72,3,4.3051219996888435,7.116782936644226,1,1,1,0,41,1,34.8
53,78,23,40,84,98,3,2.0316279481328707,6.517229748441808,1,0,0,0,22,1,57.6
83,21,95,85,42,81,2,5.404037541724147,8.040275515752821,1,0,0,0,32,0,61.2
50,97,35,63,14,54,0,3.688743417956703,5.204325236047241,0,2,1,0,22,1,47.8
97,85,58,46,81,86,0,1.587032651812323,6.1935919355503115,0,0,0,0,100,0,76.4
79,97,70,42,91,91,3,2.3560565066510595,4.555947363182466,0,1,0,1,66,0,70.8
22,74,53,34,13,52,2,7.695095536667107,7.044326598501719,1,1,0,1,42,0,39.2
47,94,36,36,21,60,3,7.9259173599143375,8.94172542153403,0,1,1,1,20,1,45.8
51,59,10,48,52,60,4,3.009459036196363,4.595715673415212,2,2,0,0,107,0,47.0
17,91,18,76,12,76,0,7.6051923236809404,5.611879419863866,2,2,0,0,119,1,43.8
28,43,58,35,92,59,2,1.7350918688919534,6.263643831327942,1,0,0,0,74,0,46.2
19,91,41,64,49,85,0,7.863924192094019,4.682545966638068,0,2,0,0,73,1,54.8
87,43,94,93,48,62,1,3.186337132019925,8.6996692865785,0,2,1,1,96,1,72.0
27,47,39,27,65,89,2,2.776261225631377,4.208277222590888,1,0,1,0,56,1,38.0
75,70,86,81,57,94,2,6.419626243341803,6.920280293631855,0,1,0,0,67,1,74.8
74,36,82,34,30,98,3,4.9808601208092504,4.783238157109325,1,1,0,1,18,1,51.2
87,28,89,28,10,91,3,6.137597192297305,7.843835871130507,0,1,1,0,52,1,49.4
77,61,85,42,34,76,0,3.674930175489524,5.984314520014005,0,0,0,0,96,0,56.8
88,69,66,55,10,92,1,3.049420217101759,8.981033193090676,0,0,0,0,13,0,55.6
90,25,16,20,58,69,4,3.7965422083104112,6.445997533509532,1,2,0,0,90,1,37.8
68,21,40,82,60,89,0,1.3274196029169705,5.701898949247671,0,2,1,0,110,1,57.2
25,28,45,36,11,61,0,7.315982311543995,8.999786964172099,2,1,1,1,62,1,31.0
29,48,36,39,34,57,2,5.649816219776289,5.38947011498877,1,2,1,1,9,1,38.2
69,22,62,35,62,94,2,2.3053929404678275,6.2162368417081,1,0,1,0,33,1,50.0
38,35,21,93,61,70,1,1.4030320197334802,4.39474384188045,2,1,1,1,7,1,52.6
32,52,84,66,77,86,0,6.024410340070811,4.854961004166542,2,0,0,1,108,1,64.2
92,50,12,14,49,57,1,1.7990865961118598,8.13034018214676,2,1,0,1,112,1,41.4
81,66,28,87,73,96,3,2.9064904703300565,7.850478080655341,2,0,1,0,35,1,70.0
71,16,50,43,42,82,0,3.145712620196127,6.214889925985586,2,0,0,1,112,1,46.4
54,90,38,87,79,56,4,2.166517731157982,5.7451618069883015,2,2,1,0,50,1,71.6
